insert into Books values ('9781449389673','Photoshop Elements 9: The Missing Manual','Barbara Brundage','Pogue Press',2010,1,'100','softcover','photoshop element','Education');
insert into Books values ('9781594487712','Where Good Ideas Come From: The Natural History of Innovation','Steven Johnson','Riverhead Hardcover',2010,1,'100','hardcover','Innovation','History');
insert into Books values ('9780321474049','The Digital Photography Book','Scott Kelby','Peachpit Press',2006,1,'100','softcover','photography','Art');
insert into Books values ('9780684801520','The Great Gatsby','F. Scott Fitzgerald','Scribner',1995,1,'100','hardcover','Gatsby','Biography');
insert into Books values ('9780803612259','Davis s Drug Guide For Nurses (book With Cd-rom) And Mednotes: Nurse s Pocket Pharmacology Guide','Judith Hopfer Deglin, April Hazard Vallerand','F. A. Davis Company',2004,1,'100','hardcover','Pharmacology','Education');
insert into Books values ('9781111529024','Microsoft Office 2007: Introductory Concepts and Techniques, Premium Video Edition (Book Only)','Gary B. Shelly, Thomas J. Cashman, Misty E. Vermaat','Course Technology',2010,1,'100','softcover','Microsoft Office','Technology');
insert into Books values ('9780262513593','The Future of Learning Institutions in a Digital Age (John D. and Catherine T. MacArthur Foundation Reports on Digital Media and Learning)','Cathy N. Davidson, David Theo Goldberg','The MIT Press ',2009,1,'100','softcover','Learning Institutions in digital age','Education');
insert into Books values ('9780470547816','The New Rules of Marketing and PR: How to Use Social Media, Blogs, News Releases, Online Video, and Viral Marketing to Reach Buyers Directly, 2nd Edition','David Meerman Scott','Wiley',2010,1,'100','softcover','Marketing','Social');
insert into Books values ('9780321344755','Dont Make Me Think: A Common Sense Approach to Web Usability, 2nd Edition','Steve Krug','New Riders Press',2005,1,'100','paperback','Web Usability','Technology');
insert into Books values ('9780393072228','The Shallows: What the Internet Is Doing to Our Brains','hardcover','Nicholas Carr','W. W. Norton & Company ',2010,1,'100','hardcover','Internet','Technology');
insert into Books values ('9780071701334','CompTIA A+ Certification All-in-One Exam Guide, Seventh Edition (Exams 220-701 & 220-702)','Michael Meyers','McGraw-Hill Osborne Media',2010,1,'100','hardcover','Exam Guide','Education');
insert into Books values ('9781412971027','Statistics for People Who (Think They) Hate Statistics: Excel 2007 Edition',NULL,'Sage Publications, Inc',2009,1,'100','softcover','Statistics','Education');
insert into Books values ('9780470523988','Windows 7 For Dummies Book + DVD Bundle','Andy Rathbone','For Dummies',2009,1,'100','softcover','Windows 7','Technology');
insert into Books values ('9780262033848','Introduction to Algorithms, Third Edition','Thomas H. Cormen, Charles E. Leiserson, Ronald L. Rivest, Clifford Stein','The MIT Press',2009,1,'100','hardcover','Algorithms','Technology');
insert into Books values ('9780321295354','Algorithm Design','Jon Kleinberg, Eva Tardos','Addison Wesley',2005,1,'100','hardcover','Algorithm','Technology');
insert into Books values ('9780321441461','Data Structures and Algorithm Analysis in C++ (3rd Edition)','Mark A. Weiss','Addison Wesley',2006,1,'100','hardcover','C++','Technology');
insert into Books values ('9781848000698','The Algorithm Design Manual','Steven S. Skiena','Springer',2008,1,'100','hardcover','Alogorithm','Technology');
insert into Books values ('9780072467505','Introduction to Computing Systems: From bits & gates to C & beyond','Yale Patt, Sanjay Patel','McGraw-Hill Science/Engineering/Math',2003,1,'100','hardcover','Computing','Technology');
insert into Books values ('9781449389550','Hackers & Painters: Big Ideas from the Computer Age','Paul Graham','O Reilly Media',2010,1,'100','softcover','Computing','Technology');
insert into Books values ('9780470383261','Data Structures and Algorithms in Java','Michael T. Goodrich, Roberto Tamassia','Wiley',2010,1,'100','hardcover','Jave','Technology');
insert into Books values ('9780596529321','Programming Collective Intelligence: Building Smart Web 2.0 Applications','Toby Segaran','O Reilly Media',2007,1,'100','softcover','Web Building','Technology');
insert into Books values ('9781933988665','Algorithms of the Intelligent Web','Haralambos Marmanis, Dmitry Babenko','Manning Publications',2009,1,'100','softcover','Algorithm','Technology');
insert into Books values ('9780321370136','Data Structures and Algorithm Analysis in Java (2nd Edition)','Mark A. Weiss','Addison Wesley',2006,1,'100','hardcover','Java','Technology');
insert into Books values ('9780321358288','Introduction to the Design and Analysis of Algorithms (2nd Edition)','Anany V. Levitin','Addison Wesley',2006,1,'100','softcover','Algorithm','Technology');
insert into Books values ('9780596516246','Algorithms in a Nutshell (In a Nutshell (O Reilly))','George T. Heineman, Gary Pollice, Stanley Selkow','O Reilly Media',2008,1,'100','softcover','Algorithm','Technology');
insert into Books values ('9780596802356','Data Analysis with Open Source Tools','Philipp K. Janert','O Reilly Media',2010,1,'100','softcover','Data Analysis','Technology');
insert into Books values ('9780672329166','PHP and MySQL Web Development (4th Edition)','Luke Welling, Laura Thomson','Addison-Wesley Professional',2008,1,'100','softcover','Web Development','Technology');
insert into Books values ('9780672325670','Sams Teach Yourself SQL in 10 Minutes (3rd Edition)','Ben Forta','Sams',2004,1,'100','softcover','SQL','Technology');
insert into Books values ('9780538469685','Database Systems: Design, Implementation, and Management (with Bind-In Printed Access Card)','Carlos Coronel, Steven Morris, Peter Rob','Course Technology',2009,1,'100','hardcover','Database System','Technology');
insert into Books values ('9781423905899','New Perspectives on Microsoft Office Access 2007, Comprehensive','Joseph J. Adamski, Kathy T. Finnegan','Course Technology',2007,1,'100','softcover','Microsoft Office','Technology');
insert into Books values ('9780136086208','Fundamentals of Database Systems (6th Edition) (Alternative eText Formats)','Ramez Elmasri, Shamkant Navathe','Addison Wesley',2010,1,'100','hardcover','Database System','Technology');
insert into Books values ('9781423905875','New Perspectives on Microsoft Office Access 2007, Brief (New Perspectives Series)','Joseph J. Adamski, Kathy T. Finnegan','Course Technology',2007,1,'100','softcover','Microsoft Office','Technology');
insert into Books values ('9781423901471','Concepts of Database Management (Sam 2007 Compatible Products)',2007,1,'100','softcover','Database System','Technology');
insert into Books values ('9781418843410','Microsoft Office Access 2007: Comprehensive Concepts and Techniques (Shelly Cashman)','Gary B. Shelly, Thomas J. Cashman, Philip J. Pratt, Mary Z. Last','Course Technology',2007,1,'100','softcover','Microsoft Office','Technology');
insert into Books values ('9780072465631','Database Management Systems','Raghu Ramakrishnan, Johannes Gehrke','McGraw-Hill Science/Engineering/Math',2002,1,'100','hardcover','Database Management System','Technology');
insert into Books values ('9781449389734','Hadoop: The Definitive Guide','Tom White','Yahoo Press',2010,1,'100','softcover','Guide','Education');
insert into Books values ('9781423925811','Fundamentals of Information Systems','Ralph Stair, George Reynolds','Course Technology',2008,1,'100','softcover','Information System','Technology');
insert into Books values ('9780123744937','Computer Organization and Design, Fourth Edition: The Hardware/Software Interface (The Morgan Kaufmann Series in Computer Architecture and Design)','David A. Patterson, John L. Hennessy','Morgan Kaufmann',2008,1,'100','softcover','Computer','Technology');
insert into Books values ('9780136079675','Computer Networking: A Top-Down Approach (5th Edition)','James F. Kurose, Keith W. Ross','Addison Wesley',2009,1,'100','hardcover','Computer Network','Technology');
insert into Books values ('9780071602174','CISSP All-in-One Exam Guide, Fifth Edition','Shon Harris','McGraw-Hill Osborne Media',2010,1,'100','hardcover','Exam Guide','Education');
insert into Books values ('9781423902454','Network+ Guide to Networks (Networking (Course Technology))','Tamara Dean','Course Technology',2009,1,'100','softcover','Network','Technology');
insert into Books values ('9781587201837','CCNA Official Exam Certification Library (Exam 640-802), Third Edition (Containing ICND1 and ICND2 Second Edition Exam Certification Guides)','Wendell Odom','Cisco Press',2007,1,'100''hardcover','Exam Certification','Education');
insert into Books values ('9781428340664','Security+ Guide to Network Security Fundamentals','Mark Ciampa','Course Technology',2008,1,'100','softcover','Network Security','Technology');
insert into Books values ('9781587132087','Network Fundamentals, CCNA Exploration Companion Guide','Mark Dye, Rick McDonald, Antoon Rufi','Cisco Press ',2007,1,'100','hardcover','Network Fundamentals','Technology');
insert into Books values ('9781435498839','Guide to Computer Forensics and Investigations','Bill Nelson, Amelia Phillips, Christopher Steuart','Course Technology',2009,1,'100','softcover','Computer Forensics and Investigations','Technology');
insert into Books values ('9781423901778','Principles of Information Security','Michael E. Whitman, Herbert J. Mattord','Course Technology',2007,1,'100','softcover','Information Security','Technology');
insert into Books values ('9780596807733','Building Wireless Sensor Networks: with ZigBee, XBee, Arduino, and Processing','Robert Faludi','O Reilly Media',2010,1,'100','softcover','Wireless Sensor Networks','Technology');
insert into Books values ('9780470110089','CCNA: Cisco Certified Network Associate Study Guide: Exam 640-802','Todd Lammle','Sybex',2007,1,'100','softcover','Exam Guide','Education');
insert into Books values ('9780735627086','MCTS Self-Paced Training Kit (Exam 70-680): Configuring Windows 7','Ian McLean, Orin Thomas','Microsoft Press',2009,1,'100','hardcover','Training Kit','Education');
insert into Books values ('9780470128725','Operating System Concepts','Abraham Silberschatz, Peter B. Galvin, Greg Gagne','Wiley',2008,1,'100','hardcover','Operating System','Technology');






insert into Feedbacks values ('aaaaaaa','9781449389673','2015-11-12 13:21:56',3,'cbhksmldmncgyudiskamdbhjjsikmjdh');
insert into Feedbacks values ('bbbbbbb','9781594487712','2014-08-29 14:45:23',9,'fsgehyjrn');
insert into Feedbacks values ('chsjkalx','9780321474049','2016-12-08 08:29:11',10,'good');
insert into Feedbacks values ('fewadjksm','9780684801520','2016-07-26 22:12:45',7,'vbhdjnskc');
insert into Feedbacks values ('chsjkalx','9780803612259','2016-01-11 21:49:26',6,'jvweksdj');






insert into Orders values (738495629,'fewfg','2015-11-06','Complete');
insert into Orders values (357942579,'vsdzndxfnh','2016-12-09','Processing');
insert into Orders values (234567668,'jbkmfcnk','2016-04-20','Complete');
insert into Orders values (753795334,'aaaaaaa','2015-03-24','Complete');
insert into Orders values (964268436,'bvsdhfgmkg','2016-12-08','Processing');


insert into Items values (753795334,'9781449389673',2);
insert into Items values (467923586,'9781594487712',3);
insert into Items values (236569623,'9780321474049',2);
insert into Items values (437648669,'9780684801520',1);
insert into Items values (135475696,'9780803612259',2);




